origin,destination,airline,search_date,flight_date,lead_days,current_price,min_future_price,price_drop_potential,price_change_next,optimal_decision,label_wait,max_savings_if_wait,is_non_stop,seats_remaining
ATL,BOS,American Airlines,2022-04-16,2022-04-17,1,251.1,251.1,0.0,0.0,BUY_NOW,0,0.0,False,3
ATL,BOS,American Airlines,2022-04-16,2022-04-17,1,251.1,251.1,0.0,0.0,BUY_NOW,0,0.0,False,3
ATL,BOS,American Airlines,2022-04-16,2022-04-17,1,251.1,251.1,0.0,0.0,BUY_NOW,0,0.0,False,7
ATL,BOS,American Airlines,2022-04-16,2022-04-17,1,251.1,251.1,0.0,0.0,BUY_NOW,0,0.0,False,7
ATL,BOS,American Airlines,2022-04-16,2022-04-17,1,252.6,252.6,0.0,0.0,BUY_NOW,0,0.0,False,3
ATL,BOS,American Airlines,2022-04-16,2022-04-17,1,252.6,252.6,0.0,0.0,BUY_NOW,0,0.0,False,3
ATL,BOS,American Airlines,2022-04-16,2022-04-17,1,302.11,302.11,0.0,0.0,BUY_NOW,0,0.0,False,1
ATL,BOS,American Airlines,2022-04-16,2022-04-17,1,302.11,302.11,0.0,0.0,BUY_NOW,0,0.0,False,1
ATL,BOS,American Airlines,2022-04-16,2022-04-17,1,302.11,302.11,0.0,0.0,BUY_NOW,0,0.0,False,1
ATL,BOS,American Airlines,2022-04-16,2022-04-17,1,302.11,302.11,0.0,0.0,BUY_NOW,0,0.0,False,1
ATL,BOS,United,2022-04-16,2022-04-17,1,307.2,307.2,0.0,0.0,BUY_NOW,0,0.0,False,9
ATL,BOS,United,2022-04-16,2022-04-17,1,307.2,307.2,0.0,0.0,BUY_NOW,0,0.0,False,9
ATL,CLT,United,2022-04-16,2022-04-17,1,492.6,498.2,-5.6,5.6,BUY_NOW,0,0.0,False,1
ATL,CLT,United,2022-04-16,2022-04-17,1,498.2,498.2,0.0,0.0,BUY_NOW,0,0.0,False,1
ATL,DEN,American Airlines,2022-04-16,2022-04-17,1,304.11,304.11,0.0,0.0,BUY_NOW,0,0.0,False,7
ATL,DEN,American Airlines,2022-04-16,2022-04-17,1,304.11,304.11,0.0,0.0,BUY_NOW,0,0.0,False,7
ATL,DEN,American Airlines,2022-04-16,2022-04-17,1,305.61,305.61,0.0,0.0,BUY_NOW,0,0.0,False,7
ATL,DEN,American Airlines,2022-04-16,2022-04-17,1,305.61,305.61,0.0,0.0,BUY_NOW,0,0.0,False,7
ATL,DEN,American Airlines,2022-04-16,2022-04-17,1,305.61,305.61,0.0,0.0,BUY_NOW,0,0.0,False,7
ATL,DEN,American Airlines,2022-04-16,2022-04-17,1,305.61,305.61,0.0,0.0,BUY_NOW,0,0.0,False,7
ATL,DEN,American Airlines,2022-04-16,2022-04-17,1,305.61,305.61,0.0,0.0,BUY_NOW,0,0.0,False,7
ATL,DEN,American Airlines,2022-04-16,2022-04-17,1,305.61,305.61,0.0,0.0,BUY_NOW,0,0.0,False,7
ATL,DEN,American Airlines,2022-04-16,2022-04-17,1,305.61,305.61,0.0,0.0,BUY_NOW,0,0.0,False,7
ATL,DEN,American Airlines,2022-04-16,2022-04-17,1,305.61,305.61,0.0,0.0,BUY_NOW,0,0.0,False,7
ATL,DEN,United,2022-04-16,2022-04-17,1,305.61,305.61,0.0,0.0,BUY_NOW,0,0.0,False,3
ATL,DEN,United,2022-04-16,2022-04-17,1,305.61,305.61,0.0,0.0,BUY_NOW,0,0.0,False,3
ATL,DFW,American Airlines,2022-04-16,2022-04-17,1,210.1,210.1,0.0,0.0,BUY_NOW,0,0.0,False,6
ATL,DFW,American Airlines,2022-04-16,2022-04-17,1,210.1,210.1,0.0,0.0,BUY_NOW,0,0.0,False,2
ATL,DFW,United,2022-04-16,2022-04-17,1,211.6,211.6,0.0,0.0,BUY_NOW,0,0.0,False,7
ATL,DFW,United,2022-04-16,2022-04-17,1,211.6,211.6,0.0,0.0,BUY_NOW,0,0.0,False,1
ATL,DFW,United,2022-04-16,2022-04-17,1,211.6,211.6,0.0,0.0,BUY_NOW,0,0.0,False,4
ATL,DFW,United,2022-04-16,2022-04-17,1,211.6,211.6,0.0,0.0,BUY_NOW,0,0.0,False,4
ATL,DFW,Spirit Airlines,2022-04-16,2022-04-17,1,339.58,339.58,0.0,0.0,BUY_NOW,0,0.0,False,0
ATL,DFW,Spirit Airlines,2022-04-16,2022-04-17,1,339.58,339.58,0.0,0.0,BUY_NOW,0,0.0,False,0
ATL,DFW,Spirit Airlines,2022-04-16,2022-04-17,1,349.58,349.58,0.0,0.0,BUY_NOW,0,0.0,False,0
ATL,DFW,Spirit Airlines,2022-04-16,2022-04-17,1,349.58,349.58,0.0,0.0,BUY_NOW,0,0.0,False,0
ATL,DTW,United,2022-04-16,2022-04-17,1,211.6,211.6,0.0,0.0,BUY_NOW,0,0.0,False,1
ATL,DTW,United,2022-04-16,2022-04-17,1,211.6,211.6,0.0,0.0,BUY_NOW,0,0.0,False,1
ATL,DTW,American Airlines,2022-04-16,2022-04-17,1,268.6,268.6,0.0,0.0,BUY_NOW,0,0.0,False,4
ATL,DTW,American Airlines,2022-04-16,2022-04-17,1,268.6,268.6,0.0,0.0,BUY_NOW,0,0.0,False,5
ATL,DTW,United,2022-04-16,2022-04-17,1,298.6,398.6,-100.0,100.0,BUY_NOW,0,0.0,False,1
ATL,DTW,United,2022-04-16,2022-04-17,1,398.6,398.6,0.0,0.0,BUY_NOW,0,0.0,False,2
ATL,DTW,Spirit Airlines,2022-04-16,2022-04-17,1,306.58,306.58,0.0,0.0,BUY_NOW,0,0.0,False,0
ATL,DTW,Spirit Airlines,2022-04-16,2022-04-17,1,306.58,306.58,0.0,0.0,BUY_NOW,0,0.0,False,0
ATL,DTW,Spirit Airlines,2022-04-16,2022-04-17,1,316.58,316.58,0.0,0.0,BUY_NOW,0,0.0,False,0
ATL,DTW,Spirit Airlines,2022-04-16,2022-04-17,1,316.58,316.58,0.0,0.0,BUY_NOW,0,0.0,False,0
ATL,DTW,Delta,2022-04-16,2022-04-17,1,430.2,430.2,0.0,0.0,BUY_NOW,0,0.0,False,4
ATL,DTW,Delta,2022-04-16,2022-04-17,1,430.2,430.2,0.0,0.0,BUY_NOW,0,0.0,False,6
ATL,DTW,Delta,2022-04-16,2022-04-17,1,440.19,491.59,-51.4,51.4,BUY_NOW,0,0.0,False,1
ATL,DTW,Delta,2022-04-16,2022-04-17,1,491.59,491.59,0.0,0.0,BUY_NOW,0,0.0,False,1
ATL,DTW,Delta,2022-04-16,2022-04-17,1,491.59,498.6,-7.01,7.01,BUY_NOW,0,0.0,False,9
ATL,DTW,Delta,2022-04-16,2022-04-17,1,498.6,498.6,0.0,0.0,BUY_NOW,0,0.0,True,9
ATL,DTW,Delta,2022-04-16,2022-04-17,1,491.59,747.2,-255.61,255.61,BUY_NOW,0,0.0,False,3
ATL,DTW,Delta,2022-04-16,2022-04-17,1,747.2,747.2,0.0,0.0,BUY_NOW,0,0.0,False,7
ATL,DTW,Delta,2022-04-16,2022-04-17,1,491.59,498.6,-7.01,7.01,BUY_NOW,0,0.0,False,3
ATL,DTW,Delta,2022-04-16,2022-04-17,1,498.6,511.6,-13.0,13.0,BUY_NOW,0,0.0,True,9
ATL,DTW,Delta,2022-04-16,2022-04-17,1,511.6,671.6,-160.0,160.0,BUY_NOW,0,0.0,False,9
ATL,DTW,Delta,2022-04-16,2022-04-17,1,671.6,671.6,0.0,0.0,BUY_NOW,0,0.0,False,5
ATL,DTW,Delta,2022-04-16,2022-04-17,1,501.2,640.2,-139.0,139.0,BUY_NOW,0,0.0,False,9
ATL,DTW,Delta,2022-04-16,2022-04-17,1,640.2,640.2,0.0,0.0,BUY_NOW,0,0.0,False,2
ATL,DTW,Delta,2022-04-16,2022-04-17,1,510.2,511.6,-1.4,1.4,BUY_NOW,0,0.0,False,3
ATL,DTW,Delta,2022-04-16,2022-04-17,1,511.6,511.6,0.0,0.0,BUY_NOW,0,0.0,False,9
ATL,DTW,Delta,2022-04-16,2022-04-17,1,511.6,511.6,0.0,0.0,BUY_NOW,0,0.0,False,4
ATL,DTW,Delta,2022-04-16,2022-04-17,1,521.59,787.55,-265.96,265.96,BUY_NOW,0,0.0,False,4
ATL,DTW,Delta,2022-04-16,2022-04-17,1,787.55,787.55,0.0,0.0,BUY_NOW,0,0.0,False,1
ATL,DTW,Delta,2022-04-16,2022-04-17,1,552.2,577.2,-25.0,25.0,BUY_NOW,0,0.0,False,9
ATL,DTW,Delta,2022-04-16,2022-04-17,1,577.2,577.2,0.0,0.0,BUY_NOW,0,0.0,False,1
ATL,DTW,Delta,2022-04-16,2022-04-17,1,591.61,631.6,-39.99,39.99,BUY_NOW,0,0.0,False,9
ATL,DTW,Delta,2022-04-16,2022-04-17,1,631.6,631.6,0.0,0.0,BUY_NOW,0,0.0,False,9
ATL,DTW,Delta,2022-04-16,2022-04-17,1,791.6,791.6,0.0,0.0,BUY_NOW,0,0.0,False,6
ATL,DTW,Delta,2022-04-16,2022-04-17,1,791.6,791.6,0.0,0.0,BUY_NOW,0,0.0,False,9
ATL,EWR,American Airlines,2022-04-16,2022-04-17,1,207.6,207.6,0.0,0.0,BUY_NOW,0,0.0,False,7
ATL,EWR,American Airlines,2022-04-16,2022-04-17,1,207.6,207.6,0.0,0.0,BUY_NOW,0,0.0,False,7
ATL,IAD,Delta,2022-04-16,2022-04-17,1,360.69,527.19,-166.5,166.5,BUY_NOW,0,0.0,False,1
ATL,IAD,Delta,2022-04-16,2022-04-17,1,527.19,527.19,0.0,0.0,BUY_NOW,0,0.0,False,1
ATL,IAD,Delta,2022-04-16,2022-04-17,1,467.2,507.2,-40.0,40.0,BUY_NOW,0,0.0,False,9
ATL,IAD,Delta,2022-04-16,2022-04-17,1,507.2,507.2,0.0,0.0,BUY_NOW,0,0.0,False,2
ATL,JFK,American Airlines,2022-04-16,2022-04-17,1,306.1,306.1,0.0,0.0,BUY_NOW,0,0.0,False,1
ATL,JFK,American Airlines,2022-04-16,2022-04-17,1,306.1,306.1,0.0,0.0,BUY_NOW,0,0.0,False,1
ATL,JFK,United,2022-04-16,2022-04-17,1,552.2,577.1,-24.9,24.9,BUY_NOW,0,0.0,False,2
ATL,JFK,United,2022-04-16,2022-04-17,1,577.1,582.7,-5.6,5.6,BUY_NOW,0,0.0,False,4
ATL,JFK,United,2022-04-16,2022-04-17,1,582.7,582.7,0.0,0.0,BUY_NOW,0,0.0,False,4
ATL,LAX,United,2022-04-16,2022-04-17,1,357.6,357.6,0.0,0.0,BUY_NOW,0,0.0,False,3
ATL,LAX,United,2022-04-16,2022-04-17,1,357.6,448.6,-91.0,91.0,BUY_NOW,0,0.0,False,2
ATL,LAX,United,2022-04-16,2022-04-17,1,448.6,448.6,0.0,0.0,BUY_NOW,0,0.0,False,3
ATL,LAX,United,2022-04-16,2022-04-17,1,357.6,528.6,-171.0,171.0,BUY_NOW,0,0.0,False,1
ATL,LAX,United,2022-04-16,2022-04-17,1,528.6,528.6,0.0,0.0,BUY_NOW,0,0.0,False,2
ATL,LAX,American Airlines,2022-04-16,2022-04-17,1,369.1,369.1,0.0,0.0,BUY_NOW,0,0.0,False,1
ATL,LAX,American Airlines,2022-04-16,2022-04-17,1,369.1,369.1,0.0,0.0,BUY_NOW,0,0.0,False,3
ATL,LAX,American Airlines,2022-04-16,2022-04-17,1,370.6,370.6,0.0,0.0,BUY_NOW,0,0.0,False,1
ATL,LAX,American Airlines,2022-04-16,2022-04-17,1,370.6,370.6,0.0,0.0,BUY_NOW,0,0.0,False,4
ATL,LAX,American Airlines,2022-04-16,2022-04-17,1,370.6,370.6,0.0,0.0,BUY_NOW,0,0.0,False,7
ATL,LAX,American Airlines,2022-04-16,2022-04-17,1,370.6,370.6,0.0,0.0,BUY_NOW,0,0.0,False,4
ATL,LAX,American Airlines,2022-04-16,2022-04-17,1,370.6,370.6,0.0,0.0,BUY_NOW,0,0.0,False,7
ATL,LAX,American Airlines,2022-04-16,2022-04-17,1,370.6,370.6,0.0,0.0,BUY_NOW,0,0.0,False,6
ATL,LAX,American Airlines,2022-04-16,2022-04-17,1,370.6,370.6,0.0,0.0,BUY_NOW,0,0.0,False,4
ATL,LAX,American Airlines,2022-04-16,2022-04-17,1,370.6,370.6,0.0,0.0,BUY_NOW,0,0.0,False,7
ATL,LAX,American Airlines,2022-04-16,2022-04-17,1,370.6,370.6,0.0,0.0,BUY_NOW,0,0.0,False,7
ATL,LAX,Delta,2022-04-16,2022-04-17,1,498.6,598.61,-100.01,100.01,BUY_NOW,0,0.0,True,9
ATL,LAX,Delta,2022-04-16,2022-04-17,1,598.61,598.61,0.0,0.0,BUY_NOW,0,0.0,True,9
